"2021-07-06 00:01:32.645","Method constructor from class StandardSeatfrom thread main was called."
"2021-07-06 00:01:32.646","Method constructor from class StandardSeatfrom thread main was called."
"2021-07-06 00:01:32.647","Method constructor from class StandardSeatfrom thread main was called."
"2021-07-06 00:01:32.647","Method constructor from class StandardSeatfrom thread main was called."
"2021-07-06 00:01:32.647","Method constructor from class StandardSeatfrom thread main was called."
"2021-07-06 00:01:32.647","Method constructor from class StandardSeatfrom thread main was called."
"2021-07-06 00:01:32.647","Method constructor from class StandardSeatfrom thread main was called."
"2021-07-06 00:01:32.647","Method constructor from class StandardSeatfrom thread main was called."
"2021-07-06 00:01:32.648","Method constructor from class StandardSeatfrom thread main was called."
"2021-07-06 00:01:32.648","Method constructor from class StandardSeatfrom thread main was called."
"2021-07-06 00:01:32.648","Method constructor from class StandardSeatfrom thread main was called."
"2021-07-06 00:01:32.648","Method constructor from class StandardSeatfrom thread main was called."
"2021-07-06 00:01:32.648","Method constructor from class Logefrom thread main was called."
"2021-07-06 00:01:32.649","Method constructor from class Logefrom thread main was called."
"2021-07-06 00:01:32.649","Method constructor from class Logefrom thread main was called."
"2021-07-06 00:01:32.649","Method constructor from class Logefrom thread main was called."
"2021-07-06 00:01:32.649","Method constructor from class Logefrom thread main was called."
"2021-07-06 00:01:32.649","Method constructor from class Logefrom thread main was called."
"2021-07-06 00:01:32.649","Method constructor from class Logefrom thread main was called."
"2021-07-06 00:01:32.65","Method constructor from class Logefrom thread main was called."
"2021-07-06 11:49:22.801","Method constructor from class StandardSeatfrom thread main was called."
"2021-07-06 11:49:22.802","Method constructor from class StandardSeatfrom thread main was called."
"2021-07-06 11:49:22.802","Method constructor from class StandardSeatfrom thread main was called."
"2021-07-06 11:49:22.803","Method constructor from class StandardSeatfrom thread main was called."
"2021-07-06 11:49:22.803","Method constructor from class StandardSeatfrom thread main was called."
"2021-07-06 11:49:22.803","Method constructor from class StandardSeatfrom thread main was called."
"2021-07-06 11:49:22.803","Method constructor from class StandardSeatfrom thread main was called."
"2021-07-06 11:49:22.803","Method constructor from class StandardSeatfrom thread main was called."
"2021-07-06 11:49:22.803","Method constructor from class StandardSeatfrom thread main was called."
"2021-07-06 11:49:22.803","Method constructor from class StandardSeatfrom thread main was called."
"2021-07-06 11:49:22.804","Method constructor from class StandardSeatfrom thread main was called."
"2021-07-06 11:49:22.804","Method constructor from class StandardSeatfrom thread main was called."
"2021-07-06 11:49:22.805","Method constructor from class Logefrom thread main was called."
"2021-07-06 11:49:22.805","Method constructor from class Logefrom thread main was called."
"2021-07-06 11:49:22.805","Method constructor from class Logefrom thread main was called."
"2021-07-06 11:49:22.805","Method constructor from class Logefrom thread main was called."
"2021-07-06 11:49:22.805","Method constructor from class Logefrom thread main was called."
"2021-07-06 11:49:22.805","Method constructor from class Logefrom thread main was called."
"2021-07-06 11:49:22.806","Method constructor from class Logefrom thread main was called."
"2021-07-06 11:49:22.806","Method constructor from class Logefrom thread main was called."
"2021-07-06 12:11:19.309","Method constructor from class StandardSeatfrom thread main was called."
"2021-07-06 12:11:19.31","Method constructor from class StandardSeatfrom thread main was called."
"2021-07-06 12:11:19.311","Method constructor from class StandardSeatfrom thread main was called."
"2021-07-06 12:11:19.311","Method constructor from class StandardSeatfrom thread main was called."
"2021-07-06 12:11:19.311","Method constructor from class StandardSeatfrom thread main was called."
"2021-07-06 12:11:19.311","Method constructor from class StandardSeatfrom thread main was called."
"2021-07-06 12:11:19.311","Method constructor from class StandardSeatfrom thread main was called."
"2021-07-06 12:11:19.311","Method constructor from class StandardSeatfrom thread main was called."
"2021-07-06 12:11:19.312","Method constructor from class StandardSeatfrom thread main was called."
"2021-07-06 12:11:19.312","Method constructor from class StandardSeatfrom thread main was called."
"2021-07-06 12:11:19.312","Method constructor from class StandardSeatfrom thread main was called."
"2021-07-06 12:11:19.312","Method constructor from class StandardSeatfrom thread main was called."
"2021-07-06 12:11:19.312","Method constructor from class Logefrom thread main was called."
"2021-07-06 12:11:19.313","Method constructor from class Logefrom thread main was called."
"2021-07-06 12:11:19.313","Method constructor from class Logefrom thread main was called."
"2021-07-06 12:11:19.313","Method constructor from class Logefrom thread main was called."
"2021-07-06 12:11:19.313","Method constructor from class Logefrom thread main was called."
"2021-07-06 12:11:19.313","Method constructor from class Logefrom thread main was called."
"2021-07-06 12:11:19.313","Method constructor from class Logefrom thread main was called."
"2021-07-06 12:11:19.314","Method constructor from class Logefrom thread main was called."
"2021-07-06 12:13:44.904","Method constructor from class StandardSeatfrom thread main was called."
"2021-07-06 12:13:44.906","Method constructor from class StandardSeatfrom thread main was called."
"2021-07-06 12:13:44.906","Method constructor from class StandardSeatfrom thread main was called."
"2021-07-06 12:13:44.907","Method constructor from class StandardSeatfrom thread main was called."
"2021-07-06 12:13:44.907","Method constructor from class StandardSeatfrom thread main was called."
"2021-07-06 12:13:44.907","Method constructor from class StandardSeatfrom thread main was called."
"2021-07-06 12:13:44.907","Method constructor from class StandardSeatfrom thread main was called."
"2021-07-06 12:13:44.907","Method constructor from class StandardSeatfrom thread main was called."
"2021-07-06 12:13:44.907","Method constructor from class StandardSeatfrom thread main was called."
"2021-07-06 12:13:44.907","Method constructor from class StandardSeatfrom thread main was called."
"2021-07-06 12:13:44.908","Method constructor from class StandardSeatfrom thread main was called."
"2021-07-06 12:13:44.908","Method constructor from class StandardSeatfrom thread main was called."
"2021-07-06 12:13:44.908","Method constructor from class Logefrom thread main was called."
"2021-07-06 12:13:44.908","Method constructor from class Logefrom thread main was called."
"2021-07-06 12:13:44.909","Method constructor from class Logefrom thread main was called."
"2021-07-06 12:13:44.909","Method constructor from class Logefrom thread main was called."
"2021-07-06 12:13:44.909","Method constructor from class Logefrom thread main was called."
"2021-07-06 12:13:44.909","Method constructor from class Logefrom thread main was called."
"2021-07-06 12:13:44.909","Method constructor from class Logefrom thread main was called."
"2021-07-06 12:13:44.909","Method constructor from class Logefrom thread main was called."
